date_found,full_name,url,description,platforms,categories,language,stars,forks,license,last_pushed_at,reason,dev_idea,source_query
2026-06-17,zxp19821005/My_AUR_Files,https://github.com/zxp19821005/My_AUR_Files,Store My AUR Files Only,desktop,,Shell,24,6,MIT,2026-06-17T11:59:04Z,"Matched ""pomodoro widget"" as a desktop project with interesting app signals.","Simplify setup, add presets, and expose the main behavior through a friendly UI for non-technical users.",pomodoro widget
2026-06-17,ales-drnz/mpv_audio_kit,https://github.com/ales-drnz/mpv_audio_kit,"mpv_audio_kit is an audio library built on mpv v0.41.0. It provides a dedicated background event loop, a complete DSP pipeline, and direct access to every property, making it the most capable audio library available for Flutter.",android,,Dart,20,5,BSD-3-Clause,2026-06-17T13:10:24Z,"Matched ""android widget"" as a android project with interesting app signals.",Wrap the idea as a focused Android app with friendly onboarding for non-technical users.,android widget
2026-06-17,simonlinuxcraft/claude-ai-desktop-app,https://github.com/simonlinuxcraft/claude-ai-desktop-app,"Fast, Linux desktop app for Claude AI. Tabs, dark mode, system tray, global hotkey, auto-updates. AppImage + Snap.",desktop,widget,JavaScript,11,1,MIT,2026-06-17T13:09:25Z,"Matched ""tray app"" as a desktop project with widget signals.","Make it a polished widget with themes, one-click setup, and simple settings for non-technical users.",tray app
2026-06-17,biggiesmallcap-blip/NOORwave,https://github.com/biggiesmallcap-blip/NOORwave,"Self-hosted TIDAL command center in Rust + SvelteKit. Hi-fi gapless playback, local library sync, learned discovery engine, Song Radio, Genre Galaxy (285 genres), automix with Camelot harmonic mixing, smart playlists, DSP audio analysis (BPM/key/energy), Ctrl+K command palette, LAN access, Tauri desktop app.",desktop,,Rust,9,0,MIT,2026-06-17T13:09:46Z,"Matched ""tray app"" as a desktop project with interesting app signals.","Simplify setup, add presets, and expose the main behavior through a friendly UI for non-technical users.",tray app
2026-06-17,Cmochance/codex-app-transfer,https://github.com/Cmochance/codex-app-transfer,Local desktop gateway that translates OpenAI Codex CLI's Responses API into Chat Completions for Kimi / DeepSeek / Zhipu GLM / Bailian and other OpenAI-compatible providers.,desktop,,Rust,258,20,MIT,2026-06-17T13:16:09Z,"Matched ""tray app"" as a desktop project with interesting app signals.","Simplify setup, add presets, and expose the main behavior through a friendly UI for non-technical users.",tray app
2026-06-17,RYOITABASHI/Shelly,https://github.com/RYOITABASHI/Shelly,"AI-powered chat-first terminal IDE for Android. Built entirely on a phone, by someone who can't write code.",android,,TypeScript,30,4,GPL-3.0,2026-06-17T13:16:00Z,"Matched ""kotlin app"" as a android project with interesting app signals.",Wrap the idea as a focused Android app with friendly onboarding for non-technical users.,kotlin app
2026-06-17,mario206/UnityReleaseNotes-latest,https://github.com/mario206/UnityReleaseNotes-latest,,tool,productivity,HTML,9,1,MIT,2026-06-17T13:14:04Z,"Matched ""floating widget"" as a tool project with productivity signals.","Simplify setup, add presets, and expose the main behavior through a friendly UI for non-technical users.",floating widget
2026-06-17,Marksonthegamer/Mate-Engine-Linux-Port,https://github.com/Marksonthegamer/Mate-Engine-Linux-Port,VRM desktop pet software for Linux (aka Unofficial Linux port of shinyflvre's MateEngine),desktop|game,game|pet,ShaderLab,244,20,NOASSERTION,2026-05-31T03:58:53Z,"Matched ""desktop pet"" as a desktop, game project with game, pet signals.",Turn it into a configurable desktop companion for non-technical users.,desktop pet
2026-06-17,DalekCraft2/Shimeji-Desktop,https://github.com/DalekCraft2/Shimeji-Desktop,"A port of Shimeji-ee from JRE 6 to JDK 25. Also has many code changes and bug fixes, but attempts to preserve backward compatibility.",desktop|game,game|pet,Java,37,11,NOASSERTION,2026-06-16T19:42:32Z,"Matched ""desktop pet"" as a desktop, game project with game, pet signals.",Turn it into a configurable desktop companion for non-technical users.,desktop pet
2026-06-17,HeXavi8/Bugu-Sport,https://github.com/HeXavi8/Bugu-Sport,"Bugu Sport is a Wechat Mini Program based on on-campus sports. It has several functions, including inviting to the game, joining the streetball, managing teams, organizing competitions, personal authentication. 不咕约球：基于校园体育的微信小程序，有约赛、野球、队伍、赛事、认证等功能。",desktop|game|mini-program,game|pet,JavaScript,17,6,MIT,2026-02-23T09:19:49Z,"Matched ""wechat mini program"" as a desktop, game, mini-program project with game, pet signals.",Turn it into a configurable desktop companion for non-technical users.,wechat mini program
2026-06-17,dee-dee-catorce/deskpublic,https://github.com/dee-dee-catorce/deskpublic,"(WIP) An interactable desktop pet based on the Expie from Casualties Unknown, a neat little game by Orsoniks/Moffee.",desktop|game,game|pet,GDScript,14,4,MIT,2026-06-12T01:10:45Z,"Matched ""desktop pet"" as a desktop, game project with game, pet signals.",Turn it into a configurable desktop companion for non-technical users.,desktop pet
2026-06-17,js13kGames/extreme-mini-massacre,https://github.com/js13kGames/extreme-mini-massacre,EXTREME MINI MASSACRE — a js13kGames 2014 game by @bitnenfer.,desktop|game,game|pet,JavaScript,5,7,,2026-05-28T13:48:00Z,"Matched ""mini game"" as a desktop, game project with game, pet signals.",Turn it into a configurable desktop companion for non-technical users.,mini game
2026-06-17,OpenBMB/MiniCPM-Desk-Pet,https://github.com/OpenBMB/MiniCPM-Desk-Pet,a local-first desktop pet powered by MiniCPM5,desktop|game,pet,JavaScript,295,35,AGPL-3.0,2026-06-17T13:14:54Z,"Matched ""desktop pet"" as a desktop, game project with pet signals.",Turn it into a configurable desktop companion for non-technical users.,desktop pet
2026-06-17,Wanduforl/MacArkPet,https://github.com/Wanduforl/MacArkPet,Unofficial GPL-3.0 native macOS desktop pet app inspired by Ark-Pets.,desktop|game,pet,JavaScript,145,1,GPL-3.0,2026-06-12T05:04:20Z,"Matched ""desktop pet"" as a desktop, game project with pet signals.",Turn it into a configurable desktop companion for non-technical users.,desktop pet
2026-06-17,liwenka1/bongo-cat-next,https://github.com/liwenka1/bongo-cat-next,🐱 A modern desktop pet app with cute Live2D cats | 现代化桌面宠物应用，可爱Live2D猫咪陪伴编程,desktop|game,pet,TypeScript,125,24,MIT,2026-06-07T18:16:13Z,"Matched ""desktop pet"" as a desktop, game project with pet signals.",Turn it into a configurable desktop companion for non-technical users.,desktop pet
2026-06-17,ppXD/petpet,https://github.com/ppXD/petpet,"A desktop pet that lives with you and grows alongside your AI work — every prompt is XP, every level a new form. 🥚→🦄🐒🦍",desktop|game,pet,Rust,107,7,MIT,2026-05-19T08:47:36Z,"Matched ""desktop pet"" as a desktop, game project with pet signals.",Turn it into a configurable desktop companion for non-technical users.,desktop pet
2026-06-17,PeonPing/peon-pet,https://github.com/PeonPing/peon-pet,macOS desktop pet for Peon-Ping — an orc that reacts to your Claude Code events with sprite animations.,desktop|game,pet,JavaScript,97,18,,2026-05-06T20:50:31Z,"Matched ""desktop pet"" as a desktop, game project with pet signals.",Turn it into a configurable desktop companion for non-technical users.,desktop pet
2026-06-17,momori777/Artemis,https://github.com/momori777/Artemis,"🩵uncensored Fully offline AI girlfriends harem Openclaw+Local LLM+GPT-SoVITS+ComfyUI image+Live2D+desktop pet+SilllyTavern Character card import| Dual channels for QQ & Telegram | Dynamic 8GB VRAM scheduling, can run offline完全离线 AI 女友后宫 |小龙虾+本地大模型+GPT-SoVITS+ComfyUI+Live2D+桌宠+酒馆角色卡导入|QQ & Telegram 双通道 | 8GB 显存动态调度断网可跑",desktop|game,pet,Python,80,5,NOASSERTION,2026-06-17T08:26:39Z,"Matched ""desktop pet"" as a desktop, game project with pet signals.",Turn it into a configurable desktop companion for non-technical users.,desktop pet
2026-06-17,bleeeet/TermiPet,https://github.com/bleeeet/TermiPet,"A macOS desktop pet assistant that runs alongside Claude Code and the terminal, supporting status cards, quick commands, AI usage tracking, and local-first pet chat.",desktop|game,pet,Swift,74,9,Apache-2.0,2026-05-20T16:42:11Z,"Matched ""desktop pet"" as a desktop, game project with pet signals.",Turn it into a configurable desktop companion for non-technical users.,desktop pet
2026-06-17,dylan-labs/nom-pet,https://github.com/dylan-labs/nom-pet,A desktop pet that eats the AI tokens you burn through Claude Code.,desktop|game,pet,TypeScript,73,1,NOASSERTION,2026-05-26T09:42:57Z,"Matched ""desktop pet"" as a desktop, game project with pet signals.",Turn it into a configurable desktop companion for non-technical users.,desktop pet
2026-06-17,x380kkm/Live2DPet,https://github.com/x380kkm/Live2DPet,AI-powered Live2D desktop pet companion with VOICEVOX TTS,desktop|game,pet,JavaScript,61,7,MIT,2026-06-17T12:55:34Z,"Matched ""desktop pet"" as a desktop, game project with pet signals.",Turn it into a configurable desktop companion for non-technical users.,desktop pet
2026-06-17,DonkeyKing01/BriefyPet,https://github.com/DonkeyKing01/BriefyPet,"An AI-powered desktop reading companion that filters RSS sources, summarizes content with LLMs, and reminds you of high-value information.",desktop|game,pet,Rust,41,1,MIT,2026-05-08T10:31:12Z,"Matched ""desktop pet"" as a desktop, game project with pet signals.",Turn it into a configurable desktop companion for non-technical users.,desktop pet
2026-06-17,yetone/confirmo-releases,https://github.com/yetone/confirmo-releases,A desktop pet developed for claude code users.,desktop|game,pet,,34,1,,2026-05-18T09:18:38Z,"Matched ""desktop pet"" as a desktop, game project with pet signals.",Turn it into a configurable desktop companion for non-technical users.,desktop pet
2026-06-17,qingchenyouforcc/NeurolingsCE,https://github.com/qingchenyouforcc/NeurolingsCE,Shimeji-Qt desktop pet neuro custom edition. NeurolingsCE's core code repository. Deep Modification of Shijima-Qt.,desktop|game,pet,C++,24,3,GPL-3.0,2026-05-26T04:25:00Z,"Matched ""desktop pet"" as a desktop, game project with pet signals.",Turn it into a configurable desktop companion for non-technical users.,desktop pet
2026-06-17,KebeliSamet0/clawd,https://github.com/KebeliSamet0/clawd,"Pixel-art Claude AI mascot desktop pet for Windows — roams your screen, plays animations, lives in system tray. Built for Claude Code, Cursor & Codex users.",desktop|game|windows,pet|visual|widget,JavaScript,5,1,MIT,2026-05-18T22:26:06Z,"Matched ""desktop pet"" as a desktop, game, windows project with pet, visual, widget signals.",Turn it into a configurable desktop companion for non-technical users.,desktop pet
2026-06-17,digitalgust/miniJVM,https://github.com/digitalgust/miniJVM,"Develop iOS Android app in java, Cross platform java virtual machine , the minimal jvm .",android|game,game,C,404,105,NOASSERTION,2026-05-12T04:07:15Z,"Matched ""mini game"" as a android, game project with game signals.",Package the core interaction as a simple casual game with presets for non-technical users.,mini game
2026-06-17,wechat-miniprogram/minigame-api-typings,https://github.com/wechat-miniprogram/minigame-api-typings,Type definitions for APIs of Wechat Mini Game in TypeScript,game|mini-program,game,TypeScript,161,28,MIT,2026-04-22T07:46:40Z,"Matched ""mini game"" as a game, mini-program project with game signals.",Package the core interaction as a simple casual game with presets for non-technical users.,mini game
2026-06-18,4682B4LEE/number-bomb-public,https://github.com/4682B4LEE/number-bomb-public,"小红书上最火的猜数字微信小程序游戏「谁输谁洗碗」开源啦，上线一个月累计注册用户超 3w，支持双人对战的猜谜游戏，包含猜数字、猜颜色、每日挑战和残局解谜等多种游戏模式。The most popular number guessing WeChat mini-program game ""number-bomb"" on Xiaohongshu is now open source! ",game|mini-program,game,JavaScript,53,18,,2026-04-03T02:18:54Z,"Matched ""wechat mini program"" as a game, mini-program project with game signals.",Package the core interaction as a simple casual game with presets for non-technical users.,wechat mini program
2026-06-18,devnomad-byte/petdex-cc,https://github.com/devnomad-byte/petdex-cc,Desktop pet companion for Claude Code — animated pets that react to your coding in real-time,desktop|game,pet,TypeScript,15,1,MIT,2026-05-14T17:49:45Z,"Matched ""desktop pet"" as a desktop, game project with pet signals.",Turn it into a configurable desktop companion for non-technical users.,desktop pet
2026-06-18,sunziqin/XunPet,https://github.com/sunziqin/XunPet,Windows-first Electron + Live2D AI desktop pet,desktop|game|windows,pet,TypeScript,9,2,GPL-3.0,2026-06-14T18:33:11Z,"Matched ""desktop pet"" as a desktop, game, windows project with pet signals.",Turn it into a configurable desktop companion for non-technical users.,desktop pet
2026-06-18,Jane-xiaoer/xiaoer-hammerspoon-pet,https://github.com/Jane-xiaoer/xiaoer-hammerspoon-pet,"A watercolor Hammerspoon desktop pet with pomodoro, reminders, todo celebrations, and customizable animation states.",desktop|game|tool,pet|productivity,Lua,8,1,MIT,2026-05-30T08:57:30Z,"Matched ""desktop pet"" as a desktop, game, tool project with pet, productivity signals.",Turn it into a configurable desktop companion for non-technical users.,desktop pet
2026-06-18,edwin-hao-ai/MouseClaw,https://github.com/edwin-hao-ai/MouseClaw,🦞 Pixel-art desktop AI pet for macOS · hold-to-speak · screenshots + voice → Claude / Codex / Hermes · clipboard hub · voice IME · computer-use · browser-use · open source,desktop|game|tool,pet|productivity|visual,Rust,7,0,NOASSERTION,2026-05-26T07:54:16Z,"Matched ""desktop pet"" as a desktop, game, tool project with pet, productivity, visual signals.",Turn it into a configurable desktop companion for non-technical users.,desktop pet
2026-06-18,Prince-cjml/xiaobei-pet-release,https://github.com/Prince-cjml/xiaobei-pet-release,"This is the release repository for Xiaobei Desktop Pet, a desktop companion for PKU students. ",desktop|game,pet,Python,7,0,,2026-06-11T07:48:08Z,"Matched ""desktop pet"" as a desktop, game project with pet signals.",Turn it into a configurable desktop companion for non-technical users.,desktop pet
2026-06-18,xiaoSun1997/xsun_desktop_pet,https://github.com/xiaoSun1997/xsun_desktop_pet,桌宠，desktop-Pet,desktop|game,pet,TypeScript,7,0,Apache-2.0,2026-06-05T09:09:12Z,"Matched ""desktop pet"" as a desktop, game project with pet signals.",Turn it into a configurable desktop companion for non-technical users.,desktop pet
2026-06-18,liuchunchun1012/Meowpal,https://github.com/liuchunchun1012/Meowpal,"🐱 Cute, personalized, AI-powered macOS pixel desktop pet ｜一个可爱的、可以个人定制的、AI 驱动的 macOS 像素风桌面宠物 | ",desktop|game,pet|visual,Swift,6,0,MIT,2026-06-03T19:15:06Z,"Matched ""desktop pet"" as a desktop, game project with pet, visual signals.",Turn it into a configurable desktop companion for non-technical users.,desktop pet
2026-06-18,logitropic/claude-tweaks,https://github.com/logitropic/claude-tweaks,"Reversible macOS patcher for Claude Desktop ASAR tweaks, including third-party inference routing, Computer Use experiments, and an optional desktop pet overlay.",desktop|game,pet,TypeScript,6,1,MIT,2026-06-10T08:10:37Z,"Matched ""desktop pet"" as a desktop, game project with pet signals.",Turn it into a configurable desktop companion for non-technical users.,desktop pet
2026-06-18,north-cell/lulu_DeskTopPet,https://github.com/north-cell/lulu_DeskTopPet,水豚噜噜桌面宠物。一个 Windows 优先的小型桌宠应用。,desktop|game|windows,pet,Python,6,0,,2026-05-16T07:24:20Z,"Matched ""desktop pet"" as a desktop, game, windows project with pet signals.",Turn it into a configurable desktop companion for non-technical users.,desktop pet
2026-06-18,xianshang33/claude-pets,https://github.com/xianshang33/claude-pets,"🐾 Claude Pets brings Codex-style desktop companions to Claude Code, with local hooks, animated pets, and permission controls.",desktop|game,pet,TypeScript,6,0,MIT,2026-05-08T12:44:43Z,"Matched ""desktop pet"" as a desktop, game project with pet signals.",Turn it into a configurable desktop companion for non-technical users.,desktop pet
2026-06-18,zixuanzhou0-ai/codex-pet-director,https://github.com/zixuanzhou0-ai/codex-pet-director,A Chinese-first Codex skill for creating customized official Codex desktop pets.,desktop|game,pet,Python,6,0,MIT,2026-05-09T20:31:29Z,"Matched ""desktop pet"" as a desktop, game project with pet signals.",Turn it into a configurable desktop companion for non-technical users.,desktop pet
2026-06-18,AlexWS12/ReFocus,https://github.com/AlexWS12/ReFocus,"ReFocus is a desktop focus coach that uses your webcam to catch distractions in real time and brings you back on track through a friendly virtual pet companion. Everything runs completely locally, so your data never leaves your computer. Stay focused, level up, unlock new pets, and track your progress through a built-in analytics dashboard.",desktop|game,pet,Python,5,0,,2026-05-07T20:52:42Z,"Matched ""desktop pet"" as a desktop, game project with pet signals.",Turn it into a configurable desktop companion for non-technical users.,desktop pet
2026-06-18,DataAxeagle/DockPetWin-Aemeath,https://github.com/DataAxeagle/DockPetWin-Aemeath,"A Windows desktop companion app featuring Aemeath from Wuthering Waves, with AI chat, long-term memory, reminders, and an interactive cozy room life system.",desktop|game|windows,pet,C#,5,0,NOASSERTION,2026-06-04T14:39:30Z,"Matched ""desktop pet"" as a desktop, game, windows project with pet signals.",Turn it into a configurable desktop companion for non-technical users.,desktop pet
2026-06-18,shngboe-png/mitsuha-pet,https://github.com/shngboe-png/mitsuha-pet,Pixel-art desktop pet featuring Mitsuha Miyamizu from 'Your Name' (君の名は) — a tiny companion that lives on your desktop,desktop|game,pet|visual,JavaScript,5,0,MIT,2026-05-28T03:58:06Z,"Matched ""desktop pet"" as a desktop, game project with pet, visual signals.",Turn it into a configurable desktop companion for non-technical users.,desktop pet
2026-06-18,YizhengWw/HachimoDock,https://github.com/YizhengWw/HachimoDock,"A desktop pet that reacts to your Claude Code sessions in real-time — thinking, typing,  juggling, sleeping, and more.",desktop|game,pet,JavaScript,5,1,AGPL-3.0,2026-06-15T05:11:19Z,"Matched ""desktop pet"" as a desktop, game project with pet signals.",Turn it into a configurable desktop companion for non-technical users.,desktop pet
2026-06-18,tangziwen/CubeMiniGame,https://github.com/tangziwen/CubeMiniGame,HomeBrew C++ 3D Game Engine based on OpenGL & Vulkan,game,game,C++,356,44,MIT,2026-06-14T11:09:33Z,"Matched ""mini game"" as a game project with game signals.",Package the core interaction as a simple casual game with presets for non-technical users.,mini game
2026-06-18,MaximilianAdF/NoPixel-MiniGames-4.0,https://github.com/MaximilianAdF/NoPixel-MiniGames-4.0,"A web-based project designed to replicate/build similar ""hacking"" challenges to those that can be found on the NoPixel 4.0 FiveM Server. Constructed using React, Next.js, with TailwindCSS, TypeScript, HTML & CSS. ↓ Deployed to Vercel ↓",game,game|visual,TypeScript,129,61,,2026-06-17T22:07:57Z,"Matched ""mini game"" as a game project with game, visual signals.",Package the core interaction as a simple casual game with presets for non-technical users.,mini game
2026-06-18,wifi-left/Map-MiniGames,https://github.com/wifi-left/Map-MiniGames,一个Minecraft 小游戏地图,game,game,mcfunction,104,6,,2026-06-14T11:26:36Z,"Matched ""mini game"" as a game project with game signals.",Package the core interaction as a simple casual game with presets for non-technical users.,mini game
2026-06-18,changnet/MServer,https://github.com/changnet/MServer,Mini Distributed Game Server,game,game,Lua,88,36,,2026-06-16T08:14:06Z,"Matched ""mini game"" as a game project with game signals.",Package the core interaction as a simple casual game with presets for non-technical users.,mini game
2026-06-19,endlessm/moddable-platformer,https://github.com/endlessm/moddable-platformer,Mini moddable platform game to ease the Godot learning curve,game,game,GDScript,77,28,MIT,2026-06-11T12:58:59Z,"Matched ""mini game"" as a game project with game signals.",Package the core interaction as a simple casual game with presets for non-technical users.,mini game
2026-06-19,Kirilllive/Fifteen_puzzle_maker,https://github.com/Kirilllive/Fifteen_puzzle_maker,"This is a classic mini-game Fifteen Sliding Puzzle. This option works in the browser, in it you need to specify a regular picture, the program itself will cut the picture into squares and mix them.",game,game,HTML,76,24,MIT,2026-05-18T04:53:40Z,"Matched ""mini game"" as a game project with game signals.",Package the core interaction as a simple casual game with presets for non-technical users.,mini game
2026-06-19,our-mini-games/mini-games,https://github.com/our-mini-games/mini-games,"A collection of small games(mine sweeper 扫雷, greedy snake 贪吃蛇, link game 连连看, tetris 俄罗斯方块, spider-solitaire 蜘蛛纸牌, Chinese chess 中国象棋, klotski 华容道 arkanoid 打砖块 and 2048)",game,game,TypeScript,44,7,,2026-05-19T08:05:02Z,"Matched ""mini game"" as a game project with game signals.",Package the core interaction as a simple casual game with presets for non-technical users.,mini game
2026-06-19,yanfengliu/python_mini_metro,https://github.com/yanfengliu/python_mini_metro,Python implementation for Mini Metro. Can be used for reinforcement learning.,game,game,Python,36,9,MIT,2026-06-13T03:18:47Z,"Matched ""mini game"" as a game project with game signals.",Package the core interaction as a simple casual game with presets for non-technical users.,mini game
2026-06-19,openfoodfacts/hunger-games,https://github.com/openfoodfacts/hunger-games,One click Mini-Games for Open Food Facts,game,game,TypeScript,31,69,AGPL-3.0,2026-06-17T10:41:48Z,"Matched ""mini game"" as a game project with game signals.",Package the core interaction as a simple casual game with presets for non-technical users.,mini game
2026-06-19,L3P3/minicraft,https://github.com/L3P3/minicraft,"A voxel-based 3d game, entirely in your browser!",game,game,JavaScript,28,5,,2026-05-27T18:10:15Z,"Matched ""mini game"" as a game project with game signals.",Package the core interaction as a simple casual game with presets for non-technical users.,mini game
2026-06-19,aiyangtongxue/wechat-whack-a-mole,https://github.com/aiyangtongxue/wechat-whack-a-mole,🐹 一个可爱的微信小程序打地鼠游戏 | A cute WeChat Mini Program whack-a-mole game,game|mini-program,game,JavaScript,9,0,,2025-01-25T22:14:15Z,"Matched ""wechat mini program"" as a game, mini-program project with game signals.",Package the core interaction as a simple casual game with presets for non-technical users.,wechat mini program
2026-06-19,galacean/appx-adapter,https://github.com/galacean/appx-adapter,"Help adapt the Galacean Effects to WeChat/Alipay Mini Programs/Mini Games, etc.",game|mini-program,game,TypeScript,8,1,MIT,2025-11-18T03:08:51Z,"Matched ""wechat mini program"" as a game, mini-program project with game signals.",Package the core interaction as a simple casual game with presets for non-technical users.,wechat mini program
2026-06-19,eliasku/ekx,https://github.com/eliasku/ekx,toy game engine,android|game,game,C,5,1,ISC,2023-06-17T07:35:08Z,"Matched ""android toy"" as a android, game project with game signals.",Package the core interaction as a simple casual game with presets for non-technical users.,android toy
2026-06-19,programmersd21/mini_platformer,https://github.com/programmersd21/mini_platformer,"🏃‍➡️ A vibrant, action-packed 2D platformer built with Python and Arcade ✨",desktop|game,game,Python,5,0,,2026-06-11T15:07:28Z,"Matched ""mini game"" as a desktop, game project with game signals.",Package the core interaction as a simple casual game with presets for non-technical users.,mini game
2026-06-19,JoneXiong/oejia_weshop,https://github.com/JoneXiong/oejia_weshop,odoo 微信小程序商城模块  (WeChat Mini Program for Odoo),mini-program,,Python,289,171,,2024-09-25T07:15:25Z,"Matched ""wechat mini program"" as a mini-program project with interesting app signals.","Simplify setup, add presets, and expose the main behavior through a friendly UI for non-technical users.",wechat mini program
2026-06-19,yfmeii/weapp-dev-mcp,https://github.com/yfmeii/weapp-dev-mcp,FastMCP server for automating WeChat Mini Program developer tooling,mini-program,,TypeScript,156,23,,2026-06-01T12:55:12Z,"Matched ""wechat mini program"" as a mini-program project with interesting app signals.","Simplify setup, add presets, and expose the main behavior through a friendly UI for non-technical users.",wechat mini program
2026-06-19,Yat3s/life-balance,https://github.com/Yat3s/life-balance,A WeChat mini-program tailored for Microsoft employees to improve their daily life activities.,mini-program,,JavaScript,102,9,,2025-06-17T03:05:50Z,"Matched ""wechat mini program"" as a mini-program project with interesting app signals.","Simplify setup, add presets, and expose the main behavior through a friendly UI for non-technical users.",wechat mini program
2026-06-19,YUHAO-corn/negative_review_helper,https://github.com/YUHAO-corn/negative_review_helper,AI-powered assistant helping business owners professionally handle negative reviews. Features web & WeChat mini-program versions.,mini-program,,JavaScript,82,9,MIT,2025-07-31T08:11:15Z,"Matched ""wechat mini program"" as a mini-program project with interesting app signals.","Simplify setup, add presets, and expose the main behavior through a friendly UI for non-technical users.",wechat mini program
2026-06-19,seladb/ToyVpn-PcapPlusPlus,https://github.com/seladb/ToyVpn-PcapPlusPlus,A demo app to show how PcapPlusPlus can be used in Android apps,android,,Kotlin,35,17,MIT,2025-04-18T06:16:29Z,"Matched ""android toy"" as a android project with interesting app signals.",Wrap the idea as a focused Android app with friendly onboarding for non-technical users.,android toy
2026-06-19,fresns/client-demo-wechat,https://github.com/fresns/client-demo-wechat,Fresns Client for WeChat Mini Program,mini-program,,JavaScript,27,9,Apache-2.0,2024-10-02T10:24:03Z,"Matched ""wechat mini program"" as a mini-program project with interesting app signals.","Simplify setup, add presets, and expose the main behavior through a friendly UI for non-technical users.",wechat mini program
2026-06-19,LiuKay/wechat_springboot,https://github.com/LiuKay/wechat_springboot,Get started with WeChat mini-programs - 微信小程序入门,mini-program,,Java,26,11,,2026-02-25T18:39:50Z,"Matched ""wechat mini program"" as a mini-program project with interesting app signals.","Simplify setup, add presets, and expose the main behavior through a friendly UI for non-technical users.",wechat mini program
2026-06-19,wnagchi/ani-weapp,https://github.com/wnagchi/ani-weapp,A WeChat mini program function encapsulation tool that connects communication between pages and components.,mini-program,,JavaScript,26,4,WTFPL,2026-01-30T06:56:52Z,"Matched ""wechat mini program"" as a mini-program project with interesting app signals.","Simplify setup, add presets, and expose the main behavior through a friendly UI for non-technical users.",wechat mini program
2026-06-19,aldoKelvianto/ToysApp,https://github.com/aldoKelvianto/ToysApp,"Companion project for ""The Cost of Modularization"" presentation that demonstrates navigation, dependency management, dependency injection in a multimodule project.",android,,Kotlin,23,2,,2025-08-22T14:23:16Z,"Matched ""android toy"" as a android project with interesting app signals.",Wrap the idea as a focused Android app with friendly onboarding for non-technical users.,android toy
2026-06-19,The-niceU/LearningTools,https://github.com/The-niceU/LearningTools,"A lightweight WeChat Mini Program for Sichuan University, integrating campus tools like weather check, empty classroom query, campus map, notice board and personal center, to make campus life easier for students and staff.",mini-program,,JavaScript,22,1,,2026-03-31T08:25:03Z,"Matched ""wechat mini program"" as a mini-program project with interesting app signals.","Simplify setup, add presets, and expose the main behavior through a friendly UI for non-technical users.",wechat mini program
2026-06-20,LiMingHuaGit/MengsNote,https://github.com/LiMingHuaGit/MengsNote,"A diary WeChat Mini Program developed for my girlfriend. Currently, it implements basic CRUD (Create, Read, Update, Delete) functionality.",mini-program|tool,productivity,JavaScript,21,2,MulanPSL-2.0,2026-06-01T07:49:24Z,"Matched ""wechat mini program"" as a mini-program, tool project with productivity signals.","Simplify setup, add presets, and expose the main behavior through a friendly UI for non-technical users.",wechat mini program
2026-06-20,mileson/wechat-index-query,https://github.com/mileson/wechat-index-query,macOS desktop-assisted automation for querying and comparing the WeChat mini program 微信指数,desktop|mini-program,,Python,8,3,MIT,2026-03-29T13:34:25Z,"Matched ""wechat mini program"" as a desktop, mini-program project with interesting app signals.","Simplify setup, add presets, and expose the main behavior through a friendly UI for non-technical users.",wechat mini program
2026-06-20,abagames/crisp-game-lib,https://github.com/abagames/crisp-game-lib,Minimal JavaScript library for creating classic arcade-like mini-games running in the browser,game,game,TypeScript,641,75,MIT,2026-06-20T06:31:02Z,"Matched ""mini game"" as a game project with game signals.",Package the core interaction as a simple casual game with presets for non-technical users.,mini game
2026-06-20,MinicraftPlus/minicraft-plus-revived,https://github.com/MinicraftPlus/minicraft-plus-revived,"Minicraft+, an extension of Notch's original minicraft project, with tons more features.",game,game,Java,574,105,GPL-3.0,2026-05-17T16:41:32Z,"Matched ""mini game"" as a game project with game signals.",Package the core interaction as a simple casual game with presets for non-technical users.,mini game
2026-06-20,Plugily-Projects/MiniGamesBox,https://github.com/Plugily-Projects/MiniGamesBox,Minigame methods used by us combined into one core to get a overall unified structure,game,game,Java,19,22,GPL-3.0,2026-06-09T19:37:34Z,"Matched ""mini game"" as a game project with game signals.",Package the core interaction as a simple casual game with presets for non-technical users.,mini game
2026-06-20,NitrRoM/MagicalGirl-ParadoxActReconstruction,https://github.com/NitrRoM/MagicalGirl-ParadoxActReconstruction,"A Minecraft mini-game map based on the worldview of *Magical Girl Witch Trial*. It features multiplayer social simulation, detective reasoning, and Werewolf-style gameplay as its core mechanics.",game,game,,15,2,NOASSERTION,2026-05-06T11:54:11Z,"Matched ""mini game"" as a game project with game signals.",Package the core interaction as a simple casual game with presets for non-technical users.,mini game
2026-06-20,amruthwo/StoryBoy,https://github.com/amruthwo/StoryBoy,"Audiobook player for SBC game consoles like the Miyoo A30, Miyoo Flip, Miyoo Mini Flip, TRIMUI Brick/Hammer, and TRIMUI Smart Pro/S",game,game,C,10,0,GPL-3.0,2026-05-01T00:17:14Z,"Matched ""mini game"" as a game project with game signals.",Package the core interaction as a simple casual game with presets for non-technical users.,mini game
2026-06-20,PondSec/JoeysSlimeventure,https://github.com/PondSec/JoeysSlimeventure,"This is a early Alphaproject developed in the Godot 4.4 engine and will be a platformer game where players must complete levels and defeat enemies as well as mini-bosses. In Joey's Slimeventure, players can choose from different characters.",game,game|visual,GDScript,10,0,MIT,2026-05-30T17:16:28Z,"Matched ""mini game"" as a game project with game, visual signals.",Package the core interaction as a simple casual game with presets for non-technical users.,mini game
2026-06-20,AatishAsh/project-Hues-n-Dash,https://github.com/AatishAsh/project-Hues-n-Dash,This is an open-source 2d puzzle platformer game developed as part of an academic mini project,game,game,GDScript,8,2,GPL-2.0,2026-05-05T16:31:14Z,"Matched ""mini game"" as a game project with game signals.",Package the core interaction as a simple casual game with presets for non-technical users.,mini game
2026-06-20,nianxie/NianxieMini,https://github.com/nianxie/NianxieMini,common assets for mini game in nianxie,game,game,C#,8,2,MIT,2026-04-28T04:24:54Z,"Matched ""mini game"" as a game project with game signals.",Package the core interaction as a simple casual game with presets for non-technical users.,mini game
2026-06-20,Sid-1996/BrownDust2-Beat-Helper,https://github.com/Sid-1996/BrownDust2-Beat-Helper,"AutoHotkey v2 tool for Brown Dust 2 music mini-game automation. Features draggable & resizable overlays, color detection, multi-zone support, and INI settings. Perfect for keeping perfect beats without finger fatigue.",game,game,AutoHotkey,8,0,MIT,2026-06-08T14:05:12Z,"Matched ""mini game"" as a game project with game signals.",Package the core interaction as a simple casual game with presets for non-technical users.,mini game
2026-06-20,SifatNycto/XanderCross,https://github.com/SifatNycto/XanderCross,A unique mashup terminal game project based on the OOP using C++ programming language. A mini terminal GameHub.,game,game,C++,8,0,MIT,2026-05-22T15:35:01Z,"Matched ""mini game"" as a game project with game signals.",Package the core interaction as a simple casual game with presets for non-technical users.,mini game
2026-06-20,UnluckyForSome/AOE2-McMinimap,https://github.com/UnluckyForSome/AOE2-McMinimap,Generates static Age of Empires 2 mini-maps using recorded game data.,game,game,Python,8,0,,2026-05-11T17:59:32Z,"Matched ""mini game"" as a game project with game signals.",Package the core interaction as a simple casual game with presets for non-technical users.,mini game
2026-06-20,abagames/ai-builds-games-humans-refine,https://github.com/abagames/ai-builds-games-humans-refine,Human-in-the-loop Godot mini-game workshop,game,game,GDScript,7,1,MIT,2026-05-07T04:45:48Z,"Matched ""mini game"" as a game project with game signals.",Package the core interaction as a simple casual game with presets for non-technical users.,mini game
2026-06-20,bitshiftcrazy/spell_tome,https://github.com/bitshiftcrazy/spell_tome,"A handheld PCB spell tome for tabletop RPGs, the cringiest text adventures you'll ever play and mini games no one asked for.  Built around a tiny OLED for minimal gaming and a Seeed Studio XIAO RP2040 for maximum reprogramming comfort.",game,game,,7,1,NOASSERTION,2026-05-30T10:49:07Z,"Matched ""mini game"" as a game project with game signals.",Package the core interaction as a simple casual game with presets for non-technical users.,mini game
2026-06-20,ErskeN1337/Golem-Mining-Suite,https://github.com/ErskeN1337/Golem-Mining-Suite,"Golem Mining Suite  Golem Mining Suite is an easy-to-use tool for Star Citizen players who want to optimize their mining activities. It helps you locate minerals in-game and provides information about their value at different station terminals, making it easier to plan profitable mining routes.",game,game,C#,7,2,,2026-04-26T08:34:21Z,"Matched ""mini game"" as a game project with game signals.",Package the core interaction as a simple casual game with presets for non-technical users.,mini game
2026-06-20,Messyshadow/mini_game_engine,https://github.com/Messyshadow/mini_game_engine,c++ mini game engine ,game,game,C,7,1,,2026-05-02T13:24:18Z,"Matched ""mini game"" as a game project with game signals.",Package the core interaction as a simple casual game with presets for non-technical users.,mini game
2026-06-20,MuxaJlbl4/Game-Data-Mining,https://github.com/MuxaJlbl4/Game-Data-Mining,"Personal collection of interesting info, extracted from games by reverse engineering and data mining",game,game,AutoHotkey,7,0,,2026-06-16T17:59:40Z,"Matched ""mini game"" as a game project with game signals.",Package the core interaction as a simple casual game with presets for non-technical users.,mini game
2026-06-20,akshay-abraham/Quantalink,https://github.com/akshay-abraham/Quantalink,"A responsive, physics-inspired portfolio web app built with Next.js and TypeScript, featuring an interactive Schrödinger’s cat mini-game and dynamic particle simulation backgrounds.",game,game,TypeScript,6,0,GPL-3.0,2026-05-31T15:10:55Z,"Matched ""mini game"" as a game project with game signals.",Package the core interaction as a simple casual game with presets for non-technical users.,mini game
2026-06-20,britzl/minimegaparty,https://github.com/britzl/minimegaparty,Multiplayer one-button mini games inspired by the Wario Ware series of mini games. Created using the Defold game engine.,game,game,,6,0,,2026-05-29T13:03:25Z,"Matched ""mini game"" as a game project with game signals.",Package the core interaction as a simple casual game with presets for non-technical users.,mini game
2026-06-21,rostikcermak-pixel/Konqi-Pet,https://github.com/rostikcermak-pixel/Konqi-Pet,"A  Linux desktop pet that judges everything you do. Walks around your screen, reacts to what apps you have open, escalates commentary the longer you stay in them, and occasionally has a crisis about it. Built with PyQt6. Runs on X11/XWayland.",desktop|game,pet|visual,Python,5,0,NOASSERTION,2026-06-20T14:08:18Z,"Matched ""desktop pet"" as a desktop, game project with pet, visual signals.",Turn it into a configurable desktop companion for non-technical users.,desktop pet
2026-06-21,abcnull/godot-mini-games-demo,https://github.com/abcnull/godot-mini-games-demo,godot制作的小游戏合集demo. Classic mini-games demo through godot using GDscript.  Under continuous development,game,game,GDScript,6,2,MIT,2026-04-30T12:32:34Z,"Matched ""mini game"" as a game project with game signals.",Package the core interaction as a simple casual game with presets for non-technical users.,mini game
2026-06-21,Laykimhoung/MultiMiniGame,https://github.com/Laykimhoung/MultiMiniGame,A collection of mini-games built with C# and .NET Windows Forms.,game|windows,game,C#,6,0,MIT,2026-05-15T18:58:12Z,"Matched ""mini game"" as a game, windows project with game signals.",Package the core interaction as a simple casual game with presets for non-technical users.,mini game
2026-06-21,MarcusBiel/roundcraft,https://github.com/MarcusBiel/roundcraft,"An open-source, kid-friendly Three.js mini game built by dads and kids. Roundcraft is a small round adventure world for learning coding together.",game,game,JavaScript,6,1,MIT,2026-05-16T14:10:47Z,"Matched ""mini game"" as a game project with game signals.",Package the core interaction as a simple casual game with presets for non-technical users.,mini game
2026-06-21,TheNooodle/MinishootRandomizer,https://github.com/TheNooodle/MinishootRandomizer,A randomizer mod for the game Minishoot' Adventures,game,game,C#,6,2,MIT,2026-04-25T17:09:04Z,"Matched ""mini game"" as a game project with game signals.",Package the core interaction as a simple casual game with presets for non-technical users.,mini game
2026-06-21,BizShibe/claude-ai-mini-snake-game,https://github.com/BizShibe/claude-ai-mini-snake-game,🐍 AI-powered Snake Game built entirely with Claude AI. Fully responsive with touch controls. Pure vanilla JavaScript!,game,game,HTML,5,0,,2026-06-18T12:08:07Z,"Matched ""mini game"" as a game project with game signals.",Package the core interaction as a simple casual game with presets for non-technical users.,mini game
2026-06-21,Smarts-Hub/Disasters,https://github.com/Smarts-Hub/Disasters,Replica of Hypixel's new trendy mini-game ,game,game|visual,Java,5,5,,2026-06-14T00:58:12Z,"Matched ""mini game"" as a game project with game, visual signals.",Package the core interaction as a simple casual game with presets for non-technical users.,mini game
2026-06-21,wechat-miniprogram/api-typings,https://github.com/wechat-miniprogram/api-typings,Type definitions for APIs of Wechat Mini Program in TypeScript,mini-program,,TypeScript,801,116,MIT,2026-05-14T07:05:38Z,"Matched ""wechat mini program"" as a mini-program project with interesting app signals.","Simplify setup, add presets, and expose the main behavior through a friendly UI for non-technical users.",wechat mini program
2026-06-21,fthux/juejin,https://github.com/fthux/juejin,:moneybag: Unofficial JueJin wechat mini program application - 掘金非官方微信小程序,mini-program,,JavaScript,779,165,MIT,2025-11-09T07:21:57Z,"Matched ""wechat mini program"" as a mini-program project with interesting app signals.","Simplify setup, add presets, and expose the main behavior through a friendly UI for non-technical users.",wechat mini program
2026-06-21,fthux/quietweather,https://github.com/fthux/quietweather,:sunny: Develop a weather wechat mini program application in two days - 两天撸一个天气应用微信小程序,mini-program,,JavaScript,716,189,MIT,2025-11-09T07:20:48Z,"Matched ""wechat mini program"" as a mini-program project with interesting app signals.","Simplify setup, add presets, and expose the main behavior through a friendly UI for non-technical users.",wechat mini program
2026-06-21,ant-design/ant-design-mini,https://github.com/ant-design/ant-design-mini,"Ant Design Mini is a UI component library for Alipay mini programs that is also compatible with WeChat mini programs, it follows the Ant Design specifications. ",mini-program,,TypeScript,548,153,MIT,2026-06-01T14:13:34Z,"Matched ""wechat mini program"" as a mini-program project with interesting app signals.","Simplify setup, add presets, and expose the main behavior through a friendly UI for non-technical users.",wechat mini program
2026-06-21,ArcticFoxPro/QQVersionListTool-WeChatMiniProgram,https://github.com/ArcticFoxPro/QQVersionListTool-WeChatMiniProgram,QQ 版本列表 Vigor for WeChat MiniProgram,mini-program,,JavaScript,15,1,NOASSERTION,2026-05-27T20:11:46Z,"Matched ""wechat mini program"" as a mini-program project with interesting app signals.","Simplify setup, add presets, and expose the main behavior through a friendly UI for non-technical users.",wechat mini program
2026-06-21,asdyych/wechat-miniprogram-skill,https://github.com/asdyych/wechat-miniprogram-skill,WeChat Mini Program (微信小程序) development skill for Claude Code,mini-program,,Python,14,1,,2026-02-14T02:47:02Z,"Matched ""wechat mini program"" as a mini-program project with interesting app signals.","Simplify setup, add presets, and expose the main behavior through a friendly UI for non-technical users.",wechat mini program
2026-06-21,Sun-sunshine06/miniprogram-skills,https://github.com/Sun-sunshine06/miniprogram-skills,"Reusable Codex skills & Claude Code skills for WeChat Mini Program development, DevTools diagnosis, and scaffold validation. 微信小程序开发与 DevTools 诊断的可复用 AI 编码技能集。",mini-program,,Python,14,2,MIT,2026-05-23T18:39:17Z,"Matched ""wechat mini program"" as a mini-program project with interesting app signals.","Simplify setup, add presets, and expose the main behavior through a friendly UI for non-technical users.",wechat mini program
2026-06-21,985563349/kite-weapp,https://github.com/985563349/kite-weapp,A WeChat Mini Program Component Library,mini-program,,TypeScript,12,1,MIT,2024-12-20T04:33:21Z,"Matched ""wechat mini program"" as a mini-program project with interesting app signals.","Simplify setup, add presets, and expose the main behavior through a friendly UI for non-technical users.",wechat mini program
2026-06-21,Json031/Wechat-MiniProgram-ChatGPT,https://github.com/Json031/Wechat-MiniProgram-ChatGPT,"基于ChatGPT模型开发的AI工具微信小程序，提供聊天机器人、绘画助手等功能，支持用户通过文本和语音与 ChatGPT 交流，并且还具备画图功能，支持预览绘制的图片并可长按发送给微信好友。 WeChat Mini Program, an AI tool developed based on the ChatGPT model, provides functions such as chatbot and drawing assistant. It supports users to communicate with ChatGPT through text and voice, and also has drawing function.",mini-program,,JavaScript,12,1,Apache-2.0,2026-01-31T07:22:09Z,"Matched ""wechat mini program"" as a mini-program project with interesting app signals.","Simplify setup, add presets, and expose the main behavior through a friendly UI for non-technical users.",wechat mini program
2026-06-21,ModdingFox/OpenFuraffinityClient,https://github.com/ModdingFox/OpenFuraffinityClient,A toy project of mine to build an unofficial furaffinity client for android,android,,Java,12,1,,2022-12-11T23:56:54Z,"Matched ""android toy"" as a android project with interesting app signals.",Wrap the idea as a focused Android app with friendly onboarding for non-technical users.,android toy
2026-06-21,openpheno/OpenPheno,https://github.com/openpheno/OpenPheno,"an open-access, user-friendly, and smartphone-based platform encapsulated within a WeChat Mini-Program for instant plant pheno- typing",mini-program,,Python,12,1,MIT,2025-05-19T09:15:24Z,"Matched ""wechat mini program"" as a mini-program project with interesting app signals.","Simplify setup, add presets, and expose the main behavior through a friendly UI for non-technical users.",wechat mini program
2026-06-21,tinajs/wxio,https://github.com/tinajs/wxio,:candy: Delightful APIs of Wechat-mini-program [WIP],mini-program,,JavaScript,10,2,Apache-2.0,2026-06-10T02:06:58Z,"Matched ""wechat mini program"" as a mini-program project with interesting app signals.","Simplify setup, add presets, and expose the main behavior through a friendly UI for non-technical users.",wechat mini program
2026-06-21,tlotb/game.cpc.minislug,https://github.com/tlotb/game.cpc.minislug,,game,game,Assembly,10,0,MIT,2026-05-11T19:52:05Z,"Matched ""mini game"" as a game project with game signals.",Package the core interaction as a simple casual game with presets for non-technical users.,mini game
2026-06-22,JetLua/wechat-adapter,https://github.com/JetLua/wechat-adapter,A super small adapter for wechat mini game,game|mini-program,game,JavaScript,30,5,,2026-06-21T08:21:03Z,"Matched ""mini game"" as a game, mini-program project with game signals.",Package the core interaction as a simple casual game with presets for non-technical users.,mini game
2026-06-22,WayneYe912/OhMyChiikawa,https://github.com/WayneYe912/OhMyChiikawa,一款轻量的 macOS 桌面宠物应用，当前支持形象为《Chiikawa》中的角色。（A lightweight macOS desktop pet app featuring character from Chiikawa. ）,desktop|game,pet,JavaScript,8,0,MIT,2026-06-19T07:59:02Z,"Matched ""desktop pet"" as a desktop, game project with pet signals.",Turn it into a configurable desktop companion for non-technical users.,desktop pet
2026-06-22,yim7/AzusaMochi,https://github.com/yim7/AzusaMochi,A cute AzusaMochi Codex Desktop pet package,desktop|game,pet,,5,0,MIT,2026-06-06T00:26:03Z,"Matched ""desktop pet"" as a desktop, game project with pet signals.",Turn it into a configurable desktop companion for non-technical users.,desktop pet
2026-06-22,cryptolandorg/Casino-Crash-Telegram-App,https://github.com/cryptolandorg/Casino-Crash-Telegram-App,"Telegram Mini App of Aviator-style crash game. Handles server-side betting, flight, and cashout with configurable odds.",game,game,TypeScript,33,888,,2026-06-18T05:52:04Z,"Matched ""mini game"" as a game project with game signals.",Package the core interaction as a simple casual game with presets for non-technical users.,mini game
2026-06-22,michalmaj/cognitive-data-arcade,https://github.com/michalmaj/cognitive-data-arcade,"Interactive mini-game arcade for learning cognitive data science - 31 pygame games covering RT experiments, statistics, ML, NLP, and network effects. Bilingual (PL/EN).",game,game,Python,7,0,NOASSERTION,2026-06-22T04:20:14Z,"Matched ""mini game"" as a game project with game signals.",Package the core interaction as a simple casual game with presets for non-technical users.,mini game
2026-06-22,KiskaSora/GameCollection,https://github.com/KiskaSora/GameCollection,mini-game for Sillytavern,game,game,JavaScript,5,0,GPL-2.0,2026-06-18T16:00:27Z,"Matched ""mini game"" as a game project with game signals.",Package the core interaction as a simple casual game with presets for non-technical users.,mini game
2026-06-22,missannil/annil,https://github.com/missannil/annil,使用typescript原生开发微信小程序(typescript-wechat-mini-program),mini-program,,TypeScript,9,1,MIT,2026-06-18T03:08:07Z,"Matched ""wechat mini program"" as a mini-program project with interesting app signals.","Simplify setup, add presets, and expose the main behavior through a friendly UI for non-technical users.",wechat mini program
2026-06-22,shusheng007/AnnotationProcessorToys,https://github.com/shusheng007/AnnotationProcessorToys,show how to use compile-time annotations in Android development,android,,Java,9,4,Apache-2.0,2024-03-29T07:26:29Z,"Matched ""android toy"" as a android project with interesting app signals.",Wrap the idea as a focused Android app with friendly onboarding for non-technical users.,android toy
2026-06-22,SteamedBread2333/wx-miniprogram-waterfall,https://github.com/SteamedBread2333/wx-miniprogram-waterfall,"A flexible and performant waterfall layout component for WeChat Mini Programs, featuring automatic item distribution, dynamic height calculation, and customizable item rendering.",mini-program,,TypeScript,9,0,,2026-05-20T11:30:08Z,"Matched ""wechat mini program"" as a mini-program project with interesting app signals.","Simplify setup, add presets, and expose the main behavior through a friendly UI for non-technical users.",wechat mini program
2026-06-22,ShawHan/Tool_Kit-Wechat-Mini-Program,https://github.com/ShawHan/Tool_Kit-Wechat-Mini-Program,微信小程序-Box工具箱，集成了一些实用小工具：滚动弹幕，文章生成，笑话大全，名人名言，进制转换，日起计算，汇率计算，抽奖，随机数生成，扔骰子。,mini-program,,JavaScript,8,0,,2025-08-26T10:31:53Z,"Matched ""wechat mini program"" as a mini-program project with interesting app signals.","Simplify setup, add presets, and expose the main behavior through a friendly UI for non-technical users.",wechat mini program
2026-06-22,SkyAPM/mini-program-monitor,https://github.com/SkyAPM/mini-program-monitor,WeChat & Alipay Mini Program Monitoring for Apache SkyWalking,mini-program,,TypeScript,8,2,Apache-2.0,2026-04-21T04:40:34Z,"Matched ""wechat mini program"" as a mini-program project with interesting app signals.","Simplify setup, add presets, and expose the main behavior through a friendly UI for non-technical users.",wechat mini program
2026-06-22,Xposed-Modules-Repo/id.my.pjm.toys.nfcnci_patience,https://github.com/Xposed-Modules-Repo/id.my.pjm.toys.nfcnci_patience,NfcNci Patience,android,,,8,0,,2026-02-20T16:12:29Z,"Matched ""android toy"" as a android project with interesting app signals.",Wrap the idea as a focused Android app with friendly onboarding for non-technical users.,android toy
2026-06-22,Olorinm/festival-miniapp,https://github.com/Olorinm/festival-miniapp,Film festival planner WeChat Mini Program,mini-program,,JavaScript,7,0,,2026-06-03T14:10:25Z,"Matched ""wechat mini program"" as a mini-program project with interesting app signals.","Simplify setup, add presets, and expose the main behavior through a friendly UI for non-technical users.",wechat mini program
2026-06-22,broccoli-is-healthy/MatrixMate,https://github.com/broccoli-is-healthy/MatrixMate,Collection of GlyphMatrix Toys for the Nothing Phone (3),android,,Kotlin,6,0,BSD-3-Clause,2025-10-21T10:23:13Z,"Matched ""android toy"" as a android project with interesting app signals.",Wrap the idea as a focused Android app with friendly onboarding for non-technical users.,android toy
2026-06-22,KaigeZheng/WeAI-Chat,https://github.com/KaigeZheng/WeAI-Chat,WeAI Chat: An open-source lightweight AI chat WeChat Mini Program,mini-program,,JavaScript,6,1,AGPL-3.0,2025-07-29T16:07:36Z,"Matched ""wechat mini program"" as a mini-program project with interesting app signals.","Simplify setup, add presets, and expose the main behavior through a friendly UI for non-technical users.",wechat mini program
2026-06-22,Team-ToYou/ToYou-Android,https://github.com/Team-ToYou/ToYou-Android,투유 - 당신을 만나는 매일의 질문 Android,android,,Kotlin,6,3,,2025-12-31T09:45:38Z,"Matched ""android toy"" as a android project with interesting app signals.",Wrap the idea as a focused Android app with friendly onboarding for non-technical users.,android toy
2026-06-22,YcZhangSing/MiniProgram,https://github.com/YcZhangSing/MiniProgram,My WeChat MiniProgram of Wheat disease detection,mini-program,,JavaScript,6,0,,2025-09-30T08:57:22Z,"Matched ""wechat mini program"" as a mini-program project with interesting app signals.","Simplify setup, add presets, and expose the main behavior through a friendly UI for non-technical users.",wechat mini program
2026-06-22,HansenCCC/wechat-mini-program-path-fixer,https://github.com/HansenCCC/wechat-mini-program-path-fixer,这是一个 Node.js 脚本，旨在快速修复微信小程序逆向工程后常见的一些配置和路径问题。,mini-program,,JavaScript,5,0,,2025-11-14T17:13:13Z,"Matched ""wechat mini program"" as a mini-program project with interesting app signals.","Simplify setup, add presets, and expose the main behavior through a friendly UI for non-technical users.",wechat mini program
2026-06-22,liuxuan124/miniprogram-platform,https://github.com/liuxuan124/miniprogram-platform,WeChat mini program no-code builder and operations platform (Spring Boot + Vue3 + DSL renderer),mini-program,,Vue,5,0,,2026-06-18T02:18:06Z,"Matched ""wechat mini program"" as a mini-program project with interesting app signals.","Simplify setup, add presets, and expose the main behavior through a friendly UI for non-technical users.",wechat mini program
2026-06-22,selma-li/goodnight-mini,https://github.com/selma-li/goodnight-mini,Goodnight Check-in WeChat Mini Program (taro) ,mini-program,,TypeScript,5,1,,2025-12-19T00:15:12Z,"Matched ""wechat mini program"" as a mini-program project with interesting app signals.","Simplify setup, add presets, and expose the main behavior through a friendly UI for non-technical users.",wechat mini program
2026-06-23,JodieRuth/Resona-Desktop-Pet,https://github.com/JodieRuth/Resona-Desktop-Pet,基于 PySide6 的 AI 桌面宠物引擎，在LLM，SoVITS与STT之间通信，实现半实时语音对话。支持自定义性格、语音及复杂的系统级触发逻辑。仅在Python 3.12.10进行测试。,desktop|game,pet,Python,40,6,MIT,2026-06-22T14:11:01Z,"Matched ""desktop pet"" as a desktop, game project with pet signals.",Turn it into a configurable desktop companion for non-technical users.,desktop pet
2026-06-23,isHarryh/Ark-Pets,https://github.com/isHarryh/Ark-Pets,Arknights Desktop Pets | 明日方舟桌宠 (ArkPets),desktop|game,pet,Java,981,49,GPL-3.0,2026-06-22T09:19:47Z,"Matched ""desktop pet"" as a desktop, game project with pet signals.",Turn it into a configurable desktop companion for non-technical users.,desktop pet
2026-06-23,tinajs/tina-router,https://github.com/tinajs/tina-router,:metro: An elegant enhanced router for Tina.js based Wechat-Mini-Program,mini-program,,JavaScript,5,1,Apache-2.0,2026-06-10T20:32:21Z,"Matched ""wechat mini program"" as a mini-program project with interesting app signals.","Simplify setup, add presets, and expose the main behavior through a friendly UI for non-technical users.",wechat mini program
2026-06-23,xapenny/ShikiOrder-FrontEnd,https://github.com/xapenny/ShikiOrder-FrontEnd,A mobile ordering wechat mini program powered by Taro,mini-program,,Vue,5,1,MIT,2024-08-19T11:53:23Z,"Matched ""wechat mini program"" as a mini-program project with interesting app signals.","Simplify setup, add presets, and expose the main behavior through a friendly UI for non-technical users.",wechat mini program
2026-06-23,xh-polaris/meowchat-app,https://github.com/xh-polaris/meowchat-app,Wechat mini program for MeowChat🐱,mini-program,,Vue,5,13,GPL-2.0,2024-12-20T08:23:52Z,"Matched ""wechat mini program"" as a mini-program project with interesting app signals.","Simplify setup, add presets, and expose the main behavior through a friendly UI for non-technical users.",wechat mini program
2026-06-25,hotakutsuki/minichess,https://github.com/hotakutsuki/minichess,A minichess game in flutter,android|game,game,Dart,5,0,,2026-06-25T03:47:12Z,"Matched ""mini game"" as a android, game project with game signals.",Package the core interaction as a simple casual game with presets for non-technical users.,mini game
2026-06-25,NachoOFC/mini-games,https://github.com/NachoOFC/mini-games,jueguitos clasicos,game,game,JavaScript,5,0,,2026-06-19T02:42:47Z,"Matched ""mini game"" as a game project with game signals.",Package the core interaction as a simple casual game with presets for non-technical users.,mini game
2026-06-26,divyanshuj91/Paendeo,https://github.com/divyanshuj91/Paendeo,"A lightweight, Electron-based desktop pet featuring a floating panda with physics.",desktop|game,pet|widget,JavaScript,5,0,,2026-06-24T14:46:10Z,"Matched ""desktop pet"" as a desktop, game project with pet, widget signals.",Turn it into a configurable desktop companion for non-technical users.,desktop pet
2026-06-27,UmangJangir/mini-projects,https://github.com/UmangJangir/mini-projects,A simple Rock-Paper-Scissors game built using python,game,game,Python,6,1,,2026-06-26T16:02:41Z,"Matched ""mini game"" as a game project with game signals.",Package the core interaction as a simple casual game with presets for non-technical users.,mini game
2026-06-29,nucket/NekoAI,https://github.com/nucket/NekoAI,"🐱 AI-powered desktop pet inspired by the classic Neko. Roams your screen, reacts to your windows, and chats with you via Gemini, Claude, OpenAI, nVidia NIM or Ollama. Built with Tauri + Rust. ",desktop|game|windows,pet|visual,TypeScript,5,1,MIT,2026-06-28T07:37:51Z,"Matched ""desktop pet"" as a desktop, game, windows project with pet, visual signals.",Turn it into a configurable desktop companion for non-technical users.,desktop pet
2026-06-30,Myf-ricey/GooglePiggy_DesktopPet,https://github.com/Myf-ricey/GooglePiggy_DesktopPet,Windows GIF pig desktop pet with Codex status hooks,desktop|game|windows,pet,Python,5,0,MIT,2026-06-09T12:47:50Z,"Matched ""desktop pet"" as a desktop, game, windows project with pet signals.",Turn it into a configurable desktop companion for non-technical users.,desktop pet
2026-06-30,wangeguo/pet,https://github.com/wangeguo/pet,"AI-driven intelligent desktop companion with personalized 3D pets, intent-aware interaction, and dynamic behaviors.",desktop|game,pet,Rust,5,0,Apache-2.0,2026-06-30T01:37:54Z,"Matched ""desktop pet"" as a desktop, game project with pet signals.",Turn it into a configurable desktop companion for non-technical users.,desktop pet
2026-06-30,nikandr-surkov/Hamster-Kombat-Telegram-Mini-App-Clone,https://github.com/nikandr-surkov/Hamster-Kombat-Telegram-Mini-App-Clone,Free Hamster Kombat clone — learn to build a Telegram Mini App tap-to-earn game with Next.js & TypeScript. Full production-ready source code + video guide available.,game,game,TypeScript,268,311,,2026-06-29T15:49:39Z,"Matched ""mini game"" as a game project with game signals.",Package the core interaction as a simple casual game with presets for non-technical users.,mini game
2026-07-01,SlimeBoyOwO/LingChat,https://github.com/SlimeBoyOwO/LingChat,"Immersive AI-driven Galgame chat with emotional expressions, desktop pet, scheduling, and interactive story modules. / 一款沉浸式 AI-Galgame 聊天软件，附带桌宠，日程，剧情功能",desktop|game,game|pet,Rust,1065,84,AGPL-3.0,2026-06-30T14:58:18Z,"Matched ""desktop pet"" as a desktop, game project with game, pet signals.",Turn it into a configurable desktop companion for non-technical users.,desktop pet
2026-07-01,Scottmaq/Wechat-AI-resume-Mini-Program,https://github.com/Scottmaq/Wechat-AI-resume-Mini-Program,"AI-powered WeChat Mini Program for resume analysis, optimization, generation, and mock payment",mini-program,,JavaScript,6,0,MIT,2026-06-30T08:09:50Z,"Matched ""wechat mini program"" as a mini-program project with interesting app signals.","Simplify setup, add presets, and expose the main behavior through a friendly UI for non-technical users.",wechat mini program
2026-07-02,DongH-Chen/Catppuccino,https://github.com/DongH-Chen/Catppuccino,Desktop pet cat.,desktop|game,pet,Kotlin,18,1,,2026-07-01T12:05:55Z,"Matched ""desktop pet"" as a desktop, game project with pet signals.",Turn it into a configurable desktop companion for non-technical users.,desktop pet
2026-07-03,Koishi007/koishi-ai-pet,https://github.com/Koishi007/koishi-ai-pet,"Based on PySide6 + LLM, this is a desktop AI virtual pet featuring the character Koishi Komeiji from the Touhou Project. It can perceive the screen, interact with windows, and have conversations with you.",desktop|game|windows,pet,Python,5,1,GPL-3.0,2026-07-01T14:59:42Z,"Matched ""desktop pet"" as a desktop, game, windows project with pet signals.",Turn it into a configurable desktop companion for non-technical users.,desktop pet
2026-07-03,ZYC99/line-dog-desktop-pet,https://github.com/ZYC99/line-dog-desktop-pet,线条小狗桌宠项目 - Line Dog Desktop Pet,desktop|game,pet,Python,5,0,,2026-07-02T18:15:49Z,"Matched ""desktop pet"" as a desktop, game project with pet signals.",Turn it into a configurable desktop companion for non-technical users.,desktop pet
2026-07-03,tigercosmos/aoe-mini,https://github.com/tigercosmos/aoe-mini,AI-generated AOE Mini Game,game,game,TypeScript,6,1,,2026-07-03T04:27:43Z,"Matched ""mini game"" as a game project with game signals.",Package the core interaction as a simple casual game with presets for non-technical users.,mini game
2026-07-04,YingyiDai/bambu-buddy,https://github.com/YingyiDai/bambu-buddy,🐼 A desktop pet panda that lives on your screen and reacts to your Bambu Lab 3D printer.,desktop|game,pet,JavaScript,5,0,NOASSERTION,2026-07-03T16:19:31Z,"Matched ""desktop pet"" as a desktop, game project with pet signals.",Turn it into a configurable desktop companion for non-technical users.,desktop pet
2026-07-05,ghostmss86-afk/wechat-miniprogram-auto-port-deploy,https://github.com/ghostmss86-afk/wechat-miniprogram-auto-port-deploy,Codex Skill for WeChat Mini Program automation | 微信小程序开发、迁移、校验、预览上传、CloudBase、审核材料自动化,mini-program,,JavaScript,5,0,MIT,2026-06-01T03:18:55Z,"Matched ""wechat mini program"" as a mini-program project with interesting app signals.","Simplify setup, add presets, and expose the main behavior through a friendly UI for non-technical users.",wechat mini program
2026-07-06,kuxiaowo/AIpet-Murasame,https://github.com/kuxiaowo/AIpet-Murasame,一个基于 AI 的桌面宠物应用，灵感来自丛雨角色。An AI-based desktop pet application inspired by the character Murasame.,desktop|game,pet,Python,41,3,AGPL-3.0,2026-06-27T09:18:22Z,"Matched ""desktop pet"" as a desktop, game project with pet signals.",Turn it into a configurable desktop companion for non-technical users.,desktop pet
2026-07-06,Xiasts/DesktopPet,https://github.com/Xiasts/DesktopPet,"🎮 一个基于C# WinForms开发的智能桌面宠物应用，采用多种设计模式实现，具备AI对话、日程提醒、物理交互等功能。A smart desktop pet application developed with C# WinForms, featuring AI chat, schedule reminders, and physics interactions",desktop|game,pet,C#,7,0,MIT,2026-07-05T06:24:13Z,"Matched ""desktop pet"" as a desktop, game project with pet signals.",Turn it into a configurable desktop companion for non-technical users.,desktop pet
2026-07-06,lrdcxdes/dota2-boot-breaker,https://github.com/lrdcxdes/dota2-boot-breaker,Dota 2 Boot Breaker Auto-Player (Dark Carnival Mini-Game),game|tool,game,Python,5,1,MIT,2026-06-28T22:31:46Z,"Matched ""mini game"" as a game, tool project with game signals.",Package the core interaction as a simple casual game with presets for non-technical users.,mini game
2026-07-07,AkshitIreddy/convai-desktop-pet,https://github.com/AkshitIreddy/convai-desktop-pet,"Convai Desktop Pet is a fun desktop companion app that brings animated chibi-style characters to life on your screen. These little friends don't just sit there — they walk around, climb your windows, fall with gravity, and best of all, you can have real conversations with them using AI!",desktop|game|windows,pet,TypeScript,13,3,MIT,2026-07-06T23:00:06Z,"Matched ""desktop pet"" as a desktop, game, windows project with pet signals.",Turn it into a configurable desktop companion for non-technical users.,desktop pet
2026-07-07,AhmadHassan-BTed/RoseWish,https://github.com/AhmadHassan-BTed/RoseWish,"A heartfelt, interactive narrative mini-game built in Python for Rose Day. Features custom entities, a dynamic dialogue system, animated particle effects, and integrated audio to deliver a unique, romantic digital experience.",game,game,Python,8,0,MIT,2026-07-06T06:05:57Z,"Matched ""mini game"" as a game project with game signals.",Package the core interaction as a simple casual game with presets for non-technical users.,mini game
2026-07-08,Sabrina-creater/claude-pet,https://github.com/Sabrina-creater/claude-pet,🐾 macOS desktop pet: turn your own pet's photos/videos into a living desktop companion via fully-offline AI matting; reacts to your Claude Code sessions,desktop|game,pet,JavaScript,8,0,MIT,2026-07-07T09:31:20Z,"Matched ""desktop pet"" as a desktop, game project with pet signals.",Turn it into a configurable desktop companion for non-technical users.,desktop pet
2026-07-08,AbhiDevkota/PixelPulse,https://github.com/AbhiDevkota/PixelPulse,This is the Retro style version of the gaming console with a collection of classic mini games.,game,game|visual,C++,5,0,,2026-07-02T04:45:33Z,"Matched ""mini game"" as a game project with game, visual signals.",Package the core interaction as a simple casual game with presets for non-technical users.,mini game
2026-07-09,Mathieu-bot/petdex-linux,https://github.com/Mathieu-bot/petdex-linux,A floating desktop pet companion for Linux — animated sprite that reacts to your desktop activity,desktop|game,pet|widget,JavaScript,5,0,,2026-06-27T07:50:42Z,"Matched ""desktop pet"" as a desktop, game project with pet, widget signals.",Turn it into a configurable desktop companion for non-technical users.,desktop pet
2026-07-09,chengbuilds/PetPhrase,https://github.com/chengbuilds/PetPhrase,"Windows 桌宠常用语/话术工具:点击桌宠弹面板,一键复制快捷回复 | Lightweight desktop pet + phrase & canned-response manager for Windows. One-click copy quick replies. petdex pets, Rust + Slint.",desktop|game|tool|windows,pet|productivity,Rust,8,1,MIT,2026-07-09T06:15:56Z,"Matched ""desktop pet"" as a desktop, game, tool, windows project with pet, productivity signals.",Turn it into a configurable desktop companion for non-technical users.,desktop pet
2026-07-10,chrishub1996/danzx-gaming-hub,https://github.com/chrishub1996/danzx-gaming-hub,"A browser gaming hub combining football mini-games, Minecraft-style content, and general games in one interface. No install needed, under 1 MB, open-source.",game,game,HTML,10,0,GPL-3.0,2026-07-10T06:21:07Z,"Matched ""mini game"" as a game project with game signals.",Package the core interaction as a simple casual game with presets for non-technical users.,mini game
2026-07-11,winwinking/FloweyPet,https://github.com/winwinking/FloweyPet,A Windows desktop pet starring Flowey from Undertale (Python + PyQt6),desktop|game|windows,pet,Python,5,0,MIT,2026-07-08T07:32:47Z,"Matched ""desktop pet"" as a desktop, game, windows project with pet signals.",Turn it into a configurable desktop companion for non-technical users.,desktop pet
2026-07-13,venkatesh-0007/Motion_Shooter,https://github.com/venkatesh-0007/Motion_Shooter,Mini game which use mobile as motion joystick and laptop's display as game display to play games!,game,game,JavaScript,5,0,,2026-07-10T17:07:25Z,"Matched ""mini game"" as a game project with game signals.",Package the core interaction as a simple casual game with presets for non-technical users.,mini game
2026-07-13,ideaseek-zh/card-studio,https://github.com/ideaseek-zh/card-studio,"Card Studio is an open-source WeChat digital business card mini program by ideaSeek. It combines digital business cards, card sharing, company profiles, portfolio showcases, CRM, and analytics into one platform, helping businesses present their brand, engage prospects, and capture customer relationships within the WeChat ecosystem.",mini-program,,Vue,6,0,MIT,2026-07-12T13:38:52Z,"Matched ""wechat mini program"" as a mini-program project with interesting app signals.","Simplify setup, add presets, and expose the main behavior through a friendly UI for non-technical users.",wechat mini program
2026-07-14,lyhkevin/Codex_pet_naiwa,https://github.com/lyhkevin/Codex_pet_naiwa,一个可直接安装到 Codex Desktop 的奶蛙动态宠物,desktop|game,pet,,5,0,,2026-07-13T10:18:33Z,"Matched ""desktop pet"" as a desktop, game project with pet signals.",Turn it into a configurable desktop companion for non-technical users.,desktop pet
